{
  "EUROPE_STABLE": {
    "1": 0.6271296418521036,
    "2": 0.6171591391159965,
    "X": 0.3150037692305331,
    "1X": 0.7754753075137601,
    "X2": 0.7928674499466816,
    "12": 0.7903828505738448,
    "DNB1": 0.6966718424146372,
    "DNB2": 0.6948728305626565
  },
  "SUMMER_VOLATILE": {
    "1": 0.6116752932290459,
    "2": 0.5968850920143068,
    "X": 0.3227965410726398,
    "1X": 0.7371202539612957,
    "X2": 0.7343089121882759,
    "12": 0.7375077960129289,
    "DNB1": 0.5598662623611863,
    "DNB2": 0.63839859230842
  }
}